Time Stamp,ID,Extended,Dir,Bus,LEN,D1,D2,D3,D4,D5,D6,D7,D8
321132219,00000100,false,Rx,0,8,00,00,00,00,90,01,64,00,
321207057,00000101,false,Rx,0,8,00,FF,5A,3C,00,03,00,00,
321282142,00000102,false,Rx,0,8,01,8A,01,00,00,00,63,00,
321357012,00000100,false,Rx,0,8,00,00,00,00,90,01,64,00,
321432010,00000101,false,Rx,0,8,00,FF,5A,3C,00,03,00,00,
321447752,00000108,false,Rx,0,8,00,F4,01,7D,90,01,00,00,
321447991,00000109,false,Rx,0,8,02,00,00,00,00,20,FF,3C,
321507158,00000102,false,Rx,0,8,02,8A,01,00,00,08,63,00,
321546615,00000108,false,Rx,0,8,00,F4,01,7D,90,01,00,00,
321546856,00000109,false,Rx,0,8,02,00,00,00,00,20,FF,5A,
321582172,00000100,false,Rx,0,8,00,00,00,00,90,01,64,00,
321646348,00000108,false,Rx,0,8,00,F4,01,7D,90,01,00,00,
321646578,00000109,false,Rx,0,8,02,00,00,00,00,20,FF,5A,
321657234,00000101,false,Rx,0,8,00,FF,5A,3C,00,03,00,00,
321732046,00000102,false,Rx,0,8,02,8A,01,00,00,09,63,00,
321746085,00000108,false,Rx,0,8,00,F4,01,7D,90,01,00,00,
321746091,00000109,false,Rx,0,8,02,00,00,00,00,24,FF,5A,
321807163,00000100,false,Rx,0,8,00,00,00,00,90,01,64,00,
321845410,00000108,false,Rx,0,8,00,F4,01,7D,90,01,00,00,
321845641,00000109,false,Rx,0,8,02,00,00,00,00,24,FF,5A,
321882169,00000101,false,Rx,0,8,00,FF,5A,3C,00,03,00,00,
321945086,00000108,false,Rx,0,8,00,F4,01,7D,90,01,00,00,
321945319,00000109,false,Rx,0,8,02,00,00,00,00,24,FF,5A,
321957171,00000102,false,Rx,0,8,02,8A,01,00,00,09,63,00,
322032069,00000100,false,Rx,0,8,00,00,00,00,90,01,64,00,
322044617,00000108,false,Rx,0,8,00,F4,01,7D,90,01,00,00,
322044867,00000109,false,Rx,0,8,02,00,00,00,00,24,FF,5A,
322107239,00000101,false,Rx,0,8,00,FF,5A,3C,00,03,00,00,
322144251,00000108,false,Rx,0,8,00,F4,01,7D,90,01,00,00,
322144494,00000109,false,Rx,0,8,02,00,00,00,00,24,FF,5A,
322182086,00000102,false,Rx,0,8,02,8A,01,00,00,09,63,00,
322243923,00000108,false,Rx,0,8,00,F4,01,7D,90,01,00,00,
322244153,00000109,false,Rx,0,8,02,00,00,00,00,24,FF,5A,
322257089,00000100,false,Rx,0,8,00,00,00,00,90,01,64,00,
322332015,00000101,false,Rx,0,8,00,FF,5A,3C,00,03,00,00,
322343361,00000108,false,Rx,0,8,00,F4,01,7D,90,01,00,00,
322343815,00000109,false,Rx,0,8,02,00,00,00,00,24,FF,5A,
322407131,00000102,false,Rx,0,8,02,8A,01,00,00,09,63,00,
322443120,00000108,false,Rx,0,8,00,F4,01,7D,90,01,00,00,
322443351,00000109,false,Rx,0,8,02,00,00,00,00,24,FF,5A,
322482049,00000100,false,Rx,0,8,00,00,00,00,90,01,64,00,
322542649,00000108,false,Rx,0,8,00,F4,01,7D,90,01,00,00,
322542894,00000109,false,Rx,0,8,02,00,00,00,00,24,FF,5A,
322557123,00000101,false,Rx,0,8,00,FF,5A,3C,00,03,00,00,
322632070,00000102,false,Rx,0,8,02,8A,01,00,00,09,63,00,
322642264,00000108,false,Rx,0,8,00,F4,01,7D,90,01,00,00,
322642496,00000109,false,Rx,0,8,02,00,00,00,00,24,FF,5A,
322707070,00000100,false,Rx,0,8,00,00,00,00,90,01,64,00,
322741932,00000108,false,Rx,0,8,00,F4,01,7D,90,01,00,00,
322742162,00000109,false,Rx,0,8,02,00,00,00,00,24,FF,5A,
322782055,00000101,false,Rx,0,8,00,FF,5A,3C,00,03,00,00,
322841534,00000108,false,Rx,0,8,00,F4,01,7D,90,01,00,00,
322841775,00000109,false,Rx,0,8,02,00,00,00,00,24,FF,5A,
322857154,00000102,false,Rx,0,8,02,8A,01,00,00,09,63,00,
322932171,00000100,false,Rx,0,8,00,00,00,00,90,01,64,00,
322941044,00000108,false,Rx,0,8,00,F4,01,7D,90,01,00,00,
322941277,00000109,false,Rx,0,8,02,00,00,00,00,24,FF,5A,
323007169,00000101,false,Rx,0,8,00,FF,5A,3C,00,03,00,00,
323040641,00000108,false,Rx,0,8,00,F4,01,7D,90,01,00,00,
323040891,00000109,false,Rx,0,8,02,00,00,00,00,24,FF,5A,
323081982,00000102,false,Rx,0,8,02,8A,01,00,00,09,63,00,
323140284,00000108,false,Rx,0,8,00,F4,01,7D,90,01,00,00,
323140515,00000109,false,Rx,0,8,02,00,00,00,00,24,FF,5A,
323157064,00000100,false,Rx,0,8,00,00,00,00,90,01,64,00,
323232057,00000101,false,Rx,0,8,00,FF,5A,3C,00,03,00,00,
323239823,00000108,false,Rx,0,8,00,F4,01,7D,90,01,00,00,
323240053,00000109,false,Rx,0,8,02,00,00,00,00,24,FF,5A,
323307186,00000102,false,Rx,0,8,02,8A,01,00,00,09,63,00,
323339405,00000108,false,Rx,0,8,00,F4,01,7D,90,01,00,00,
323339635,00000109,false,Rx,0,8,02,00,00,00,00,24,FF,5A,
323382158,00000100,false,Rx,0,8,00,00,00,00,90,01,64,00,
323439020,00000108,false,Rx,0,8,00,F4,01,7D,90,01,00,00,
323439251,00000109,false,Rx,0,8,02,00,00,00,00,24,FF,5A,
323457173,00000101,false,Rx,0,8,00,FF,5A,3C,00,03,00,00,
323532017,00000102,false,Rx,0,8,02,8A,01,00,00,09,63,00,
323538724,00000108,false,Rx,0,8,00,F4,01,7D,90,01,00,00,
323538961,00000109,false,Rx,0,8,02,00,00,00,00,24,FF,5A,
323607136,00000100,false,Rx,0,8,00,00,00,00,90,01,64,00,
323638251,00000108,false,Rx,0,8,00,F4,01,7D,90,01,00,00,
323638484,00000109,false,Rx,0,8,02,00,00,00,00,24,FF,5A,
323682085,00000101,false,Rx,0,8,00,FF,5A,3C,00,03,00,00,
323737870,00000108,false,Rx,0,8,00,F4,01,7D,90,01,00,00,
323738102,00000109,false,Rx,0,8,02,00,00,00,00,24,FF,5A,
323757283,00000102,false,Rx,0,8,02,8A,01,00,00,09,63,00,
323832174,00000100,false,Rx,0,8,00,00,00,00,90,01,64,00,
323837381,00000108,false,Rx,0,8,00,F4,01,7D,90,01,00,00,
323837619,00000109,false,Rx,0,8,02,00,00,00,00,24,FF,5A,
323907166,00000101,false,Rx,0,8,00,FF,5A,3C,00,03,00,00,
323937032,00000108,false,Rx,0,8,00,F4,01,7D,90,01,00,00,
323937264,00000109,false,Rx,0,8,02,00,00,00,00,24,FF,5A,
323982095,00000102,false,Rx,0,8,02,8A,01,00,00,09,63,00,
324036628,00000108,false,Rx,0,8,00,F4,01,7D,90,01,00,00,
324038210,00000109,false,Rx,0,8,02,00,00,00,00,24,FF,5A,
324058314,00000100,false,Rx,0,8,00,00,00,00,90,01,64,00,
324132085,00000101,false,Rx,0,8,00,FF,5A,3C,00,03,00,00,
324136155,00000108,false,Rx,0,8,00,F4,01,7D,90,01,00,00,
324136383,00000109,false,Rx,0,8,02,00,00,00,00,24,FF,5A,
324207010,00000102,false,Rx,0,8,02,8A,01,00,00,09,63,00,
324235749,00000108,false,Rx,0,8,00,F4,01,7D,90,01,00,00,
324235987,00000109,false,Rx,0,8,02,00,00,00,00,24,FF,5A,
324282140,00000100,false,Rx,0,8,00,00,00,00,90,01,64,00,
324335388,00000108,false,Rx,0,8,00,F4,01,7D,90,01,00,00,
324335618,00000109,false,Rx,0,8,02,00,00,00,00,24,FF,5A,
324357077,00000101,false,Rx,0,8,00,FF,5A,3C,00,03,00,00,
324431971,00000102,false,Rx,0,8,02,8A,01,00,00,09,63,00,
324434949,00000108,false,Rx,0,8,00,F4,01,7D,90,01,00,00,
324435180,00000109,false,Rx,0,8,02,00,00,00,00,24,FF,5A,
324507180,00000100,false,Rx,0,8,00,00,00,00,90,01,64,00,
324534590,00000108,false,Rx,0,8,00,F4,01,7D,90,01,00,00,
324534835,00000109,false,Rx,0,8,02,00,00,00,00,24,FF,5A,
324582135,00000101,false,Rx,0,8,00,FF,5A,3C,00,03,00,00,
324634228,00000108,false,Rx,0,8,00,F4,01,7D,90,01,00,00,
324634461,00000109,false,Rx,0,8,02,00,00,00,00,24,FF,5A,
324657013,00000102,false,Rx,0,8,02,8A,01,00,00,09,63,00,
324732060,00000100,false,Rx,0,8,00,00,00,00,90,01,64,00,
324733833,00000108,false,Rx,0,8,00,F4,01,7D,90,01,00,00,
324734066,00000109,false,Rx,0,8,02,00,00,00,00,24,FF,5A,
324807061,00000101,false,Rx,0,8,00,FF,5A,3C,00,03,00,00,
324833428,00000108,false,Rx,0,8,00,F4,01,7D,90,01,00,00,
324833668,00000109,false,Rx,0,8,02,00,00,00,00,24,FF,5A,
324881966,00000102,false,Rx,0,8,02,8A,01,00,00,09,63,00,
324933070,00000108,false,Rx,0,8,00,F4,01,7D,90,01,00,00,
324933300,00000109,false,Rx,0,8,02,00,00,00,00,24,FF,5A,
324957019,00000100,false,Rx,0,8,00,00,00,00,90,01,64,00,
325031993,00000101,false,Rx,0,8,00,FF,5A,3C,00,03,00,00,
325032600,00000108,false,Rx,0,8,00,F4,01,7D,90,01,00,00,
325032851,00000109,false,Rx,0,8,02,00,00,00,00,24,FF,5A,
325106991,00000102,false,Rx,0,8,02,8A,01,00,00,09,63,00,
325132178,00000108,false,Rx,0,8,00,F4,01,7D,90,01,00,00,
325132407,00000109,false,Rx,0,8,02,00,00,00,00,24,FF,5A,
325182061,00000100,false,Rx,0,8,00,00,00,00,90,01,64,00,
325231898,00000108,false,Rx,0,8,00,F4,01,7D,90,01,00,00,
325232129,00000109,false,Rx,0,8,02,00,00,00,00,24,FF,5A,
325256991,00000101,false,Rx,0,8,00,FF,5A,3C,00,03,00,00,
325331511,00000108,false,Rx,0,8,00,F4,01,7D,90,01,00,00,
325331751,00000109,false,Rx,0,8,02,00,00,00,00,24,FF,5A,
325331991,00000102,false,Rx,0,8,02,8A,01,00,00,09,63,00,
325407050,00000100,false,Rx,0,8,00,00,00,00,90,01,64,00,
325431070,00000108,false,Rx,0,8,00,F4,01,7D,90,01,00,00,
325431300,00000109,false,Rx,0,8,02,00,00,00,00,24,FF,5A,
325482120,00000101,false,Rx,0,8,00,FF,5A,3C,00,03,00,00,
325530752,00000108,false,Rx,0,8,00,F4,01,7D,90,01,00,00,
325530757,00000109,false,Rx,0,8,02,00,00,00,00,24,FF,5A,
325556965,00000102,false,Rx,0,8,02,8A,01,00,00,09,63,00,
325630240,00000108,false,Rx,0,8,00,F4,01,7D,90,01,00,00,
325630472,00000109,false,Rx,0,8,02,00,00,00,00,24,FF,5A,
325632054,00000100,false,Rx,0,8,00,00,00,00,90,01,64,00,
325707077,00000101,false,Rx,0,8,00,FF,5A,3C,00,03,00,00,
325729829,00000108,false,Rx,0,8,00,F4,01,7D,90,01,00,00,
325730061,00000109,false,Rx,0,8,02,00,00,00,00,24,FF,5A,
325782016,00000102,false,Rx,0,8,02,8A,01,00,00,09,63,00,
325829449,00000108,false,Rx,0,8,00,F4,01,7D,90,01,00,00,
325829693,00000109,false,Rx,0,8,02,00,00,00,00,24,FF,5A,
325857077,00000100,false,Rx,0,8,00,00,00,00,90,01,64,00,
325928918,00000108,false,Rx,0,8,00,F4,01,7D,90,01,00,00,
325929336,00000109,false,Rx,0,8,02,00,00,00,00,24,FF,5A,
325932091,00000101,false,Rx,0,8,00,FF,5A,3C,00,03,00,00,
326006946,00000102,false,Rx,0,8,02,8A,01,00,00,09,63,00,
326028658,00000108,false,Rx,0,8,00,F4,01,7D,90,01,00,00,
326028919,00000109,false,Rx,0,8,02,00,00,00,00,24,FF,5A,
326082050,00000100,false,Rx,0,8,00,00,00,00,90,01,64,00,
326128259,00000108,false,Rx,0,8,00,F4,01,7D,90,01,00,00,
326128490,00000109,false,Rx,0,8,02,00,00,00,00,24,FF,5A,
326157031,00000101,false,Rx,0,8,00,FF,5A,3C,00,03,00,00,
326227869,00000108,false,Rx,0,8,00,F4,01,7D,90,01,00,00,
326228099,00000109,false,Rx,0,8,02,00,00,00,00,24,FF,5A,
326232020,00000102,false,Rx,0,8,02,8A,01,00,00,09,63,00,
326307015,00000100,false,Rx,0,8,00,00,00,00,90,01,64,00,
326327370,00000108,false,Rx,0,8,00,F4,01,7D,90,01,00,00,
326327601,00000109,false,Rx,0,8,02,00,00,00,00,24,FF,5A,
326382086,00000101,false,Rx,0,8,00,FF,5A,3C,00,03,00,00,
326426992,00000108,false,Rx,0,8,00,F4,01,7D,90,01,00,00,
326427224,00000109,false,Rx,0,8,02,00,00,00,00,24,FF,5A,
326457077,00000102,false,Rx,0,8,02,8A,01,00,00,09,63,00,
326526591,00000108,false,Rx,0,8,00,F4,01,7D,90,01,00,00,
326526835,00000109,false,Rx,0,8,02,00,00,00,00,24,FF,5A,
326532051,00000100,false,Rx,0,8,00,00,00,00,90,01,64,00,
326607070,00000101,false,Rx,0,8,00,FF,5A,3C,00,03,00,00,
326626222,00000108,false,Rx,0,8,00,F4,01,7D,90,01,00,00,
326626455,00000109,false,Rx,0,8,02,00,00,00,00,24,FF,5A,
326681969,00000102,false,Rx,0,8,02,8A,01,00,00,09,63,00,
326725735,00000108,false,Rx,0,8,00,F4,01,7D,90,01,00,00,
326725973,00000109,false,Rx,0,8,02,00,00,00,00,24,FF,5A,
326757070,00000100,false,Rx,0,8,00,00,00,00,90,01,64,00,
326825328,00000108,false,Rx,0,8,00,F4,01,7D,90,01,00,00,
326825558,00000109,false,Rx,0,8,02,00,00,00,00,24,FF,5A,
326831986,00000101,false,Rx,0,8,00,FF,5A,3C,00,03,00,00,
326907032,00000102,false,Rx,0,8,02,8A,01,00,00,09,63,00,
326925086,00000108,false,Rx,0,8,00,F4,01,7D,90,01,00,00,
326925316,00000109,false,Rx,0,8,02,00,00,00,00,24,FF,5A,
326981992,00000100,false,Rx,0,8,00,00,00,00,90,01,64,00,
327024562,00000108,false,Rx,0,8,00,F4,01,7D,90,01,00,00,
327024814,00000109,false,Rx,0,8,02,00,00,00,00,24,FF,5A,
327057049,00000101,false,Rx,0,8,00,FF,5A,3C,00,03,00,00,
327124122,00000108,false,Rx,0,8,00,F4,01,7D,90,01,00,00,
327124352,00000109,false,Rx,0,8,02,00,00,00,00,24,FF,5A,
327132099,00000102,false,Rx,0,8,02,8A,01,00,00,09,63,00,
327207050,00000100,false,Rx,0,8,00,00,00,00,90,01,64,00,
327223883,00000108,false,Rx,0,8,00,F4,01,7D,90,01,00,00,
327224111,00000109,false,Rx,0,8,02,00,00,00,00,24,FF,5A,
327282041,00000101,false,Rx,0,8,00,FF,5A,3C,00,03,00,00,
327323456,00000108,false,Rx,0,8,00,F4,01,7D,90,01,00,00,
327323699,00000109,false,Rx,0,8,02,00,00,00,00,24,FF,5A,
327357037,00000102,false,Rx,0,8,02,8A,01,00,00,09,63,00,
327422946,00000108,false,Rx,0,8,00,F4,01,7D,90,01,00,00,
327423177,00000109,false,Rx,0,8,02,00,00,00,00,24,FF,5A,
327433362,00000100,false,Rx,0,8,00,00,00,00,90,01,64,00,
327506946,00000101,false,Rx,0,8,00,FF,5A,3C,00,03,00,00,
327522690,00000108,false,Rx,0,8,00,F4,01,7D,90,01,00,00,
327522931,00000109,false,Rx,0,8,02,00,00,00,00,24,FF,5A,
327582049,00000102,false,Rx,0,8,02,8A,01,00,00,09,63,00,
327622139,00000108,false,Rx,0,8,00,F4,01,7D,90,01,00,00,
327622369,00000109,false,Rx,0,8,02,00,00,00,00,24,FF,5A,
327657077,00000100,false,Rx,0,8,00,00,00,00,90,01,64,00,
327721728,00000108,false,Rx,0,8,00,F4,01,7D,90,01,00,00,
327721966,00000109,false,Rx,0,8,02,00,00,00,00,24,FF,5A,
327731963,00000101,false,Rx,0,8,00,FF,5A,3C,00,03,00,00,
327807100,00000102,false,Rx,0,8,02,8A,01,00,00,09,63,00,
327821323,00000108,false,Rx,0,8,00,F4,01,7D,90,01,00,00,
327821553,00000109,false,Rx,0,8,02,00,00,00,00,24,FF,5A,
327882129,00000100,false,Rx,0,8,00,00,00,00,90,01,64,00,
327920992,00000108,false,Rx,0,8,00,F4,01,7D,90,01,00,00,
327921225,00000109,false,Rx,0,8,02,00,00,00,00,24,FF,5A,
327957070,00000101,false,Rx,0,8,00,FF,5A,3C,00,03,00,00,
328020660,00000108,false,Rx,0,8,00,F4,01,7D,90,01,00,00,
328020901,00000109,false,Rx,0,8,02,00,00,00,00,24,FF,5A,
328032052,00000102,false,Rx,0,8,02,8A,01,00,00,09,63,00,
328106991,00000100,false,Rx,0,8,00,00,00,00,90,01,64,00,
328120130,00000108,false,Rx,0,8,00,F4,01,7D,90,01,00,00,
328120360,00000109,false,Rx,0,8,02,00,00,00,00,24,FF,5A,
328182087,00000101,false,Rx,0,8,00,FF,5A,3C,00,03,00,00,
328219753,00000108,false,Rx,0,8,00,F4,01,7D,90,01,00,00,
328219992,00000109,false,Rx,0,8,02,00,00,00,00,24,FF,5A,
328258188,00000102,false,Rx,0,8,02,8A,01,00,00,09,63,00,
328319309,00000108,false,Rx,0,8,00,F4,01,7D,90,01,00,00,
328319538,00000109,false,Rx,0,8,02,00,00,00,00,24,FF,5A,
328332044,00000100,false,Rx,0,8,00,00,00,00,90,01,64,00,
328407057,00000101,false,Rx,0,8,00,FF,5A,3C,00,03,00,00,
328418944,00000108,false,Rx,0,8,00,F4,01,7D,90,01,00,00,
328419195,00000109,false,Rx,0,8,02,00,00,00,00,24,FF,5A,
328481996,00000102,false,Rx,0,8,02,8A,01,00,00,09,63,00,
328519690,00000108,false,Rx,0,8,00,F4,01,7D,90,01,00,00,
328519696,00000109,false,Rx,0,8,02,00,00,00,00,24,FF,5A,
328556992,00000100,false,Rx,0,8,00,00,00,00,90,01,64,00,
328618201,00000108,false,Rx,0,8,00,F4,01,7D,90,01,00,00,
328618433,00000109,false,Rx,0,8,02,00,00,00,00,24,FF,5A,
328632031,00000101,false,Rx,0,8,00,FF,5A,3C,00,03,00,00,
328707010,00000102,false,Rx,0,8,02,8A,01,00,00,09,63,00,
328717828,00000108,false,Rx,0,8,00,F4,01,7D,90,01,00,00,
328718058,00000109,false,Rx,0,8,02,00,00,00,00,24,FF,5A,
328782100,00000100,false,Rx,0,8,00,00,00,00,90,01,64,00,
328817309,00000108,false,Rx,0,8,00,F4,01,7D,90,01,00,00,
328817537,00000109,false,Rx,0,8,02,00,00,00,00,24,FF,5A,
328856965,00000101,false,Rx,0,8,00,FF,5A,3C,00,03,00,00,
328916969,00000108,false,Rx,0,8,00,F4,01,7D,90,01,00,00,
328917202,00000109,false,Rx,0,8,02,00,00,00,00,24,FF,5A,
328931981,00000102,false,Rx,0,8,02,8A,01,00,00,09,63,00,
329006982,00000100,false,Rx,0,8,00,00,00,00,90,01,64,00,
329016659,00000108,false,Rx,0,8,00,F4,01,7D,90,01,00,00,
329016900,00000109,false,Rx,0,8,02,00,00,00,00,24,FF,5A,
329082021,00000101,false,Rx,0,8,00,FF,5A,3C,00,03,00,00,
329116266,00000108,false,Rx,0,8,00,F4,01,7D,90,01,00,00,
329116497,00000109,false,Rx,0,8,02,00,00,00,00,24,FF,5A,
329156965,00000102,false,Rx,0,8,02,8A,01,00,00,09,63,00,
329215845,00000108,false,Rx,0,8,00,F4,01,7D,90,01,00,00,
329216075,00000109,false,Rx,0,8,02,00,00,00,00,24,FF,5A,
329231981,00000100,false,Rx,0,8,00,00,00,00,90,01,64,00,
329307018,00000101,false,Rx,0,8,00,FF,5A,3C,00,03,00,00,
329315342,00000108,false,Rx,0,8,00,F4,01,7D,90,01,00,00,
329315572,00000109,false,Rx,0,8,02,00,00,00,00,24,FF,5A,
329382032,00000102,false,Rx,0,8,02,8A,01,00,00,09,63,00,
329414921,00000108,false,Rx,0,8,00,F4,01,7D,90,01,00,00,
329415151,00000109,false,Rx,0,8,02,00,00,00,00,24,FF,5A,
329457086,00000100,false,Rx,0,8,00,00,00,00,90,01,64,00,
329514622,00000108,false,Rx,0,8,00,F4,01,7D,90,01,00,00,
329514870,00000109,false,Rx,0,8,02,00,00,00,00,24,FF,5A,
329531971,00000101,false,Rx,0,8,00,FF,5A,3C,00,03,00,00,
329607056,00000102,false,Rx,0,8,02,8A,01,00,00,09,63,00,
329614205,00000108,false,Rx,0,8,00,F4,01,7D,90,01,00,00,
329614457,00000109,false,Rx,0,8,02,00,00,00,00,24,FF,5A,
329682012,00000100,false,Rx,0,8,00,00,00,00,90,01,64,00,
329713864,00000108,false,Rx,0,8,00,F4,01,7D,90,01,00,00,
329714094,00000109,false,Rx,0,8,02,00,00,00,00,24,FF,5A,
329756945,00000101,false,Rx,0,8,00,FF,5A,3C,00,03,00,00,
329813314,00000108,false,Rx,0,8,00,F4,01,7D,90,01,00,00,
329813543,00000109,false,Rx,0,8,02,00,00,00,00,24,FF,5A,
329832020,00000102,false,Rx,0,8,02,8A,01,00,00,09,63,00,
329907010,00000100,false,Rx,0,8,00,00,00,00,90,01,64,00,
329912991,00000108,false,Rx,0,8,00,F4,01,7D,90,01,00,00,
329913223,00000109,false,Rx,0,8,02,00,00,00,00,24,FF,5A,
329982049,00000101,false,Rx,0,8,00,FF,5A,3C,00,03,00,00,
330012711,00000108,false,Rx,0,8,00,F4,01,7D,90,01,00,00,
330012716,00000109,false,Rx,0,8,02,00,00,00,00,24,FF,5A,
330057013,00000102,false,Rx,0,8,02,8A,01,00,00,09,63,00,
330112085,00000108,false,Rx,0,8,00,F4,01,7D,90,01,00,00,
330112315,00000109,false,Rx,0,8,02,00,00,00,00,24,FF,5A,
330132023,00000100,false,Rx,0,8,00,00,00,00,90,01,64,00,
330206966,00000101,false,Rx,0,8,00,FF,5A,3C,00,03,00,00,
330211794,00000108,false,Rx,0,8,00,F4,01,7D,90,01,00,00,
330212034,00000109,false,Rx,0,8,02,00,00,00,00,24,FF,5A,
330282015,00000102,false,Rx,0,8,02,8A,01,00,00,09,63,00,
330311451,00000108,false,Rx,0,8,00,F4,01,7D,90,01,00,00,
330311693,00000109,false,Rx,0,8,02,00,00,00,00,24,FF,5A,
330356948,00000100,false,Rx,0,8,00,00,00,00,90,01,64,00,
330410932,00000108,false,Rx,0,8,00,F4,01,7D,90,01,00,00,
330411163,00000109,false,Rx,0,8,02,00,00,00,00,24,FF,5A,
330432052,00000101,false,Rx,0,8,00,FF,5A,3C,00,03,00,00,
330506971,00000102,false,Rx,0,8,02,8A,01,00,00,09,63,00,
330510578,00000108,false,Rx,0,8,00,F4,01,7D,90,01,00,00,
330510835,00000109,false,Rx,0,8,02,00,00,00,00,24,FF,5A,
330582032,00000100,false,Rx,0,8,00,00,00,00,90,01,64,00,
330610086,00000108,false,Rx,0,8,00,F4,01,7D,90,01,00,00,
330610316,00000109,false,Rx,0,8,02,00,00,00,00,24,FF,5A,
330657012,00000101,false,Rx,0,8,00,FF,5A,3C,00,03,00,00,
330709683,00000108,false,Rx,0,8,00,F4,01,7D,90,01,00,00,
330709921,00000109,false,Rx,0,8,02,00,00,00,00,24,FF,5A,
330732029,00000102,false,Rx,0,8,02,8A,01,00,00,09,63,00,
330807027,00000100,false,Rx,0,8,00,00,00,00,90,01,64,00,
330809393,00000108,false,Rx,0,8,00,F4,01,7D,90,01,00,00,
330809624,00000109,false,Rx,0,8,02,00,00,00,00,24,FF,5A,
330882086,00000101,false,Rx,0,8,00,FF,5A,3C,00,03,00,00,
330908932,00000108,false,Rx,0,8,00,F4,01,7D,90,01,00,00,
330909163,00000109,false,Rx,0,8,02,00,00,00,00,24,FF,5A,
330957010,00000102,false,Rx,0,8,02,8A,01,00,00,09,63,00,
331008508,00000108,false,Rx,0,8,00,F4,01,7D,90,01,00,00,
331008745,00000109,false,Rx,0,8,02,00,00,00,00,24,FF,5A,
331031997,00000100,false,Rx,0,8,00,00,00,00,90,01,64,00,
331107087,00000101,false,Rx,0,8,00,FF,5A,3C,00,03,00,00,
331108081,00000108,false,Rx,0,8,00,F4,01,7D,90,01,00,00,
331108313,00000109,false,Rx,0,8,02,00,00,00,00,24,FF,5A,
331181988,00000102,false,Rx,0,8,02,8A,01,00,00,09,63,00,
331207851,00000108,false,Rx,0,8,00,F4,01,7D,90,01,00,00,
331208081,00000109,false,Rx,0,8,02,00,00,00,00,24,FF,5A,
331257091,00000100,false,Rx,0,8,00,00,00,00,90,01,64,00,
331307433,00000108,false,Rx,0,8,00,F4,01,7D,90,01,00,00,
331307672,00000109,false,Rx,0,8,02,00,00,00,00,24,FF,5A,
331332069,00000101,false,Rx,0,8,00,FF,5A,3C,00,03,00,00,
331406897,00000108,false,Rx,0,8,00,F4,01,7D,90,01,00,00,
331407127,00000102,false,Rx,0,8,02,8A,01,00,00,09,63,00,
331407358,00000109,false,Rx,0,8,02,00,00,00,00,24,FF,5A,
331482028,00000100,false,Rx,0,8,00,00,00,00,90,01,64,00,
331506641,00000108,false,Rx,0,8,00,F4,01,7D,90,01,00,00,
331507101,00000109,false,Rx,0,8,02,00,00,00,00,24,FF,5A,
331557089,00000101,false,Rx,0,8,00,FF,5A,3C,00,03,00,00,
331606137,00000108,false,Rx,0,8,00,F4,01,7D,90,01,00,00,
331606370,00000109,false,Rx,0,8,02,00,00,00,00,24,FF,5A,
331632028,00000102,false,Rx,0,8,02,8A,01,00,00,09,63,00,
331705889,00000108,false,Rx,0,8,00,F4,01,7D,90,01,00,00,
331705895,00000109,false,Rx,0,8,02,00,00,00,00,24,FF,5A,
331707083,00000100,false,Rx,0,8,00,00,00,00,90,01,64,00,
331781936,00000101,false,Rx,0,8,00,FF,5A,3C,00,03,00,00,
331805406,00000108,false,Rx,0,8,00,F4,01,7D,90,01,00,00,
331805636,00000109,false,Rx,0,8,02,00,00,00,00,24,FF,5A,
331857037,00000102,false,Rx,0,8,02,8A,01,00,00,09,63,00,
331904860,00000108,false,Rx,0,8,00,F4,01,7D,90,01,00,00,
331905278,00000109,false,Rx,0,8,02,00,00,00,00,24,FF,5A,
331932086,00000100,false,Rx,0,8,00,00,00,00,90,01,64,00,
332004615,00000108,false,Rx,0,8,00,F4,01,7D,90,01,00,00,
332004864,00000109,false,Rx,0,8,02,00,00,00,00,24,FF,5A,
332007015,00000101,false,Rx,0,8,00,FF,5A,3C,00,03,00,00,
332082082,00000102,false,Rx,0,8,02,8A,01,00,00,09,63,00,
332104199,00000108,false,Rx,0,8,00,F4,01,7D,90,01,00,00,
332104429,00000109,false,Rx,0,8,02,00,00,00,00,24,FF,5A,
332157010,00000100,false,Rx,0,8,00,00,00,00,90,01,64,00,
332203830,00000108,false,Rx,0,8,00,F4,01,7D,90,01,00,00,
332204060,00000109,false,Rx,0,8,02,00,00,00,00,24,FF,5A,
332231946,00000101,false,Rx,0,8,00,FF,5A,3C,00,03,00,00,
332303281,00000108,false,Rx,0,8,00,F4,01,7D,90,01,00,00,
332303511,00000109,false,Rx,0,8,02,00,00,00,00,24,FF,5A,
332307007,00000102,false,Rx,0,8,02,8A,01,00,00,09,63,00,
332382068,00000100,false,Rx,0,8,00,00,00,00,90,01,64,00,
332402931,00000108,false,Rx,0,8,00,F4,01,7D,90,01,00,00,
332403163,00000109,false,Rx,0,8,02,00,00,00,00,24,FF,5A,
332457049,00000101,false,Rx,0,8,00,FF,5A,3C,00,03,00,00,
332502497,00000108,false,Rx,0,8,00,F4,01,7D,90,01,00,00,
332502737,00000109,false,Rx,0,8,02,00,00,00,00,24,FF,5A,
332531952,00000102,false,Rx,0,8,02,8A,01,00,00,09,63,00,
332602086,00000108,false,Rx,0,8,00,F4,01,7D,90,01,00,00,
332602318,00000109,false,Rx,0,8,02,00,00,00,00,24,FF,5A,
332606973,00000100,false,Rx,0,8,00,00,00,00,90,01,64,00,
332682037,00000101,false,Rx,0,8,00,FF,5A,3C,00,03,00,00,
332701707,00000108,false,Rx,0,8,00,F4,01,7D,90,01,00,00,
332701976,00000109,false,Rx,0,8,02,00,00,00,00,24,FF,5A,
332757133,00000102,false,Rx,0,8,02,8A,01,00,00,09,63,00,
332801314,00000108,false,Rx,0,8,00,F4,01,7D,90,01,00,00,
332801545,00000109,false,Rx,0,8,02,00,00,00,00,24,FF,5A,
332831948,00000100,false,Rx,0,8,00,00,00,00,90,01,64,00,
332900854,00000108,false,Rx,0,8,00,F4,01,7D,90,01,00,00,
332901083,00000109,false,Rx,0,8,02,00,00,00,00,24,FF,5A,
332906984,00000101,false,Rx,0,8,00,FF,5A,3C,00,03,00,00,
332982031,00000102,false,Rx,0,8,02,8A,01,00,00,09,63,00,
333000576,00000108,false,Rx,0,8,00,F4,01,7D,90,01,00,00,
333000821,00000109,false,Rx,0,8,02,00,00,00,00,24,FF,5A,
333057054,00000100,false,Rx,0,8,00,00,00,00,90,01,64,00,
333100177,00000108,false,Rx,0,8,00,F4,01,7D,90,01,00,00,
333100408,00000109,false,Rx,0,8,02,00,00,00,00,24,FF,5A,
333132077,00000101,false,Rx,0,8,00,FF,5A,3C,00,03,00,00,
333199698,00000108,false,Rx,0,8,00,F4,01,7D,90,01,00,00,
333199945,00000109,false,Rx,0,8,02,00,00,00,00,24,FF,5A,
333206971,00000102,false,Rx,0,8,02,8A,01,00,00,09,63,00,
333281892,00000100,false,Rx,0,8,00,00,00,00,90,01,64,00,
333299326,00000108,false,Rx,0,8,00,F4,01,7D,90,01,00,00,
333299558,00000109,false,Rx,0,8,02,00,00,00,00,24,FF,5A,
333356898,00000101,false,Rx,0,8,00,FF,5A,3C,00,03,00,00,
333398891,00000108,false,Rx,0,8,00,F4,01,7D,90,01,00,00,
333399121,00000109,false,Rx,0,8,02,00,00,00,00,24,FF,5A,
333432050,00000102,false,Rx,0,8,02,8A,01,00,00,09,63,00,
333498586,00000108,false,Rx,0,8,00,F4,01,7D,90,01,00,00,
333498831,00000109,false,Rx,0,8,02,00,00,00,00,24,FF,5A,
333507007,00000100,false,Rx,0,8,00,00,00,00,90,01,64,00,
333582032,00000101,false,Rx,0,8,00,FF,5A,3C,00,03,00,00,
333598179,00000108,false,Rx,0,8,00,F4,01,7D,90,01,00,00,
333598409,00000109,false,Rx,0,8,02,00,00,00,00,24,FF,5A,
333657010,00000102,false,Rx,0,8,02,8A,01,00,00,09,63,00,
333697750,00000108,false,Rx,0,8,00,F4,01,7D,90,01,00,00,
333697989,00000109,false,Rx,0,8,02,00,00,00,00,24,FF,5A,
333731898,00000100,false,Rx,0,8,00,00,00,00,90,01,64,00,
333797347,00000108,false,Rx,0,8,00,F4,01,7D,90,01,00,00,
333797579,00000109,false,Rx,0,8,02,00,00,00,00,24,FF,5A,
333807556,00000101,false,Rx,0,8,00,FF,5A,3C,00,03,00,00,
333882028,00000102,false,Rx,0,8,02,8A,01,00,00,09,63,00,
333896968,00000108,false,Rx,0,8,00,F4,01,7D,90,01,00,00,
333897201,00000109,false,Rx,0,8,02,00,00,00,00,24,FF,5A,
333956897,00000100,false,Rx,0,8,00,00,00,00,90,01,64,00,
333996500,00000108,false,Rx,0,8,00,F4,01,7D,90,01,00,00,
333996736,00000109,false,Rx,0,8,02,00,00,00,00,24,FF,5A,
334032017,00000101,false,Rx,0,8,00,FF,5A,3C,00,03,00,00,
334096099,00000108,false,Rx,0,8,00,F4,01,7D,90,01,00,00,
334096331,00000109,false,Rx,0,8,02,00,00,00,00,24,FF,5A,
334106927,00000102,false,Rx,0,8,02,8A,01,00,00,09,63,00,
334182019,00000100,false,Rx,0,8,00,00,00,00,90,01,64,00,
334195707,00000108,false,Rx,0,8,00,F4,01,7D,90,01,00,00,
334195944,00000109,false,Rx,0,8,02,00,00,00,00,24,FF,5A,
334257067,00000101,false,Rx,0,8,00,FF,5A,3C,00,03,00,00,
334295329,00000108,false,Rx,0,8,00,F4,01,7D,90,01,00,00,
334295561,00000109,false,Rx,0,8,02,00,00,00,00,24,FF,5A,
334331897,00000102,false,Rx,0,8,02,8A,01,00,00,09,63,00,
334394944,00000108,false,Rx,0,8,00,F4,01,7D,90,01,00,00,
334395177,00000109,false,Rx,0,8,02,00,00,00,00,24,FF,5A,
334406893,00000100,false,Rx,0,8,00,00,00,00,90,01,64,00,
334481881,00000101,false,Rx,0,8,00,FF,5A,3C,00,03,00,00,
334494520,00000108,false,Rx,0,8,00,F4,01,7D,90,01,00,00,
334494761,00000109,false,Rx,0,8,02,00,00,00,00,24,FF,5A,
334557001,00000102,false,Rx,0,8,02,8A,01,00,00,09,63,00,
334594171,00000108,false,Rx,0,8,00,F4,01,7D,90,01,00,00,
334594401,00000109,false,Rx,0,8,02,00,00,00,00,24,FF,5A,
334632031,00000100,false,Rx,0,8,00,00,00,00,90,01,64,00,
334693806,00000108,false,Rx,0,8,00,F4,01,7D,90,01,00,00,
334694036,00000109,false,Rx,0,8,02,00,00,00,00,24,FF,5A,
334706941,00000101,false,Rx,0,8,00,FF,5A,3C,00,03,00,00,
334781902,00000102,false,Rx,0,8,02,8A,01,00,00,09,63,00,
334793313,00000108,false,Rx,0,8,00,F4,01,7D,90,01,00,00,
334793551,00000109,false,Rx,0,8,02,00,00,00,00,24,FF,5A,
334856889,00000100,false,Rx,0,8,00,00,00,00,90,01,64,00,
334892830,00000108,false,Rx,0,8,00,F4,01,7D,90,01,00,00,
334893069,00000109,false,Rx,0,8,02,00,00,00,00,24,FF,5A,
334932010,00000101,false,Rx,0,8,00,FF,5A,3C,00,03,00,00,
334992506,00000108,false,Rx,0,8,00,F4,01,7D,90,01,00,00,
334994102,00000109,false,Rx,0,8,02,00,00,00,00,24,FF,5A,
335006902,00000102,false,Rx,0,8,02,8A,01,00,00,01,63,00,
335081902,00000100,false,Rx,0,8,00,00,00,00,90,01,64,00,
335092105,00000108,false,Rx,0,8,00,F4,01,7D,90,01,00,00,
335092337,00000109,false,Rx,0,8,02,00,00,00,00,24,FF,5A,
335156995,00000101,false,Rx,0,8,00,FF,5A,3C,00,03,00,00,
335191778,00000108,false,Rx,0,8,00,F4,01,7D,90,01,00,00,
335192014,00000109,false,Rx,0,8,02,00,00,00,00,24,FF,5A,
335231888,00000102,false,Rx,0,8,02,8A,01,00,00,01,63,00,
335291415,00000108,false,Rx,0,8,00,F4,01,7D,90,01,00,00,
335291647,00000109,false,Rx,0,8,02,00,00,00,00,24,FF,5A,
335306948,00000100,false,Rx,0,8,00,00,00,00,90,01,64,00,
335381946,00000101,false,Rx,0,8,00,FF,5A,3C,00,03,00,00,
335390818,00000108,false,Rx,0,8,00,F4,01,7D,90,01,00,00,
335391047,00000109,false,Rx,0,8,02,00,00,00,00,24,FF,5A,
335456907,00000102,false,Rx,0,8,02,8A,01,00,00,01,63,00,
335490455,00000108,false,Rx,0,8,00,F4,01,7D,90,01,00,00,
335490700,00000109,false,Rx,0,8,02,00,00,00,00,24,FF,5A,
335531974,00000100,false,Rx,0,8,00,00,00,00,90,01,64,00,
335590086,00000108,false,Rx,0,8,00,F4,01,7D,90,01,00,00,
335590318,00000109,false,Rx,0,8,02,00,00,00,00,24,FF,5A,
335607020,00000101,false,Rx,0,8,00,FF,5A,3C,00,03,00,00,
335681968,00000102,false,Rx,0,8,02,8A,01,00,00,01,63,00,
335689684,00000108,false,Rx,0,8,00,F4,01,7D,90,01,00,00,
335689922,00000109,false,Rx,0,8,02,00,00,00,00,24,FF,5A,
335756910,00000100,false,Rx,0,8,00,00,00,00,90,01,64,00,
335789388,00000108,false,Rx,0,8,00,F4,01,7D,90,01,00,00,
335789616,00000109,false,Rx,0,8,02,00,00,00,00,24,FF,5A,
335831945,00000101,false,Rx,0,8,00,FF,5A,3C,00,03,00,00,
335888920,00000108,false,Rx,0,8,00,F4,01,7D,90,01,00,00,
335889153,00000109,false,Rx,0,8,02,00,00,00,00,24,FF,5A,
335907011,00000102,false,Rx,0,8,02,8A,01,00,00,01,63,00,
335981907,00000100,false,Rx,0,8,00,00,00,00,90,01,64,00,
335988472,00000108,false,Rx,0,8,00,F4,01,7D,90,01,00,00,
335988713,00000109,false,Rx,0,8,02,00,00,00,00,24,FF,5A,
336056935,00000101,false,Rx,0,8,00,FF,5A,3C,00,03,00,00,
336088050,00000108,false,Rx,0,8,00,F4,01,7D,90,01,00,00,
336088280,00000109,false,Rx,0,8,02,00,00,00,00,24,FF,5A,
336131988,00000102,false,Rx,0,8,02,8A,01,00,00,01,63,00,
336187704,00000108,false,Rx,0,8,00,F4,01,7D,90,01,00,00,
336187944,00000109,false,Rx,0,8,02,00,00,00,00,24,FF,5A,
336206969,00000100,false,Rx,0,8,00,00,00,00,90,01,64,00,
336281902,00000101,false,Rx,0,8,00,FF,5A,3C,00,03,00,00,
336287314,00000108,false,Rx,0,8,00,F4,01,7D,90,01,00,00,
336287546,00000109,false,Rx,0,8,02,00,00,00,00,24,FF,5A,
336357031,00000102,false,Rx,0,8,02,8A,01,00,00,01,63,00,
336386974,00000108,false,Rx,0,8,00,F4,01,7D,90,01,00,00,
336387203,00000109,false,Rx,0,8,02,00,00,00,00,24,FF,5A,
336431932,00000100,false,Rx,0,8,00,00,00,00,90,01,64,00,
336486586,00000108,false,Rx,0,8,00,F4,01,7D,90,01,00,00,
336486835,00000109,false,Rx,0,8,02,00,00,00,00,24,FF,5A,
336506933,00000101,false,Rx,0,8,00,FF,5A,3C,00,03,00,00,
336581970,00000102,false,Rx,0,8,02,8A,01,00,00,01,63,00,
336586045,00000108,false,Rx,0,8,00,F4,01,7D,90,01,00,00,
336586276,00000109,false,Rx,0,8,02,00,00,00,00,24,FF,5A,
336657011,00000100,false,Rx,0,8,00,00,00,00,90,01,64,00,
336685711,00000108,false,Rx,0,8,00,F4,01,7D,90,01,00,00,
336685945,00000109,false,Rx,0,8,02,00,00,00,00,24,FF,5A,
336731897,00000101,false,Rx,0,8,00,FF,5A,3C,00,03,00,00,
336785395,00000108,false,Rx,0,8,00,F4,01,7D,90,01,00,00,
336785625,00000109,false,Rx,0,8,02,00,00,00,00,24,FF,5A,
336806952,00000102,false,Rx,0,8,02,8A,01,00,00,01,63,00,
336881992,00000100,false,Rx,0,8,00,00,00,00,90,01,64,00,
336884964,00000108,false,Rx,0,8,00,F4,01,7D,90,01,00,00,
336885196,00000109,false,Rx,0,8,02,00,00,00,00,24,FF,5A,
336956860,00000101,false,Rx,0,8,00,FF,5A,3C,00,03,00,00,
336984515,00000108,false,Rx,0,8,00,F4,01,7D,90,01,00,00,
336984758,00000109,false,Rx,0,8,02,00,00,00,00,24,FF,5A,
337031905,00000102,false,Rx,0,8,02,8A,01,00,00,01,63,00,
337084078,00000108,false,Rx,0,8,00,F4,01,7D,90,01,00,00,
337084310,00000109,false,Rx,0,8,02,00,00,00,00,24,FF,5A,
337106934,00000100,false,Rx,0,8,00,00,00,00,90,01,64,00,
337181985,00000101,false,Rx,0,8,00,FF,5A,3C,00,03,00,00,
337183755,00000108,false,Rx,0,8,00,F4,01,7D,90,01,00,00,
337183986,00000109,false,Rx,0,8,02,00,00,00,00,24,FF,5A,
337257172,00000102,false,Rx,0,8,02,8A,01,00,00,01,63,00,
337283281,00000108,false,Rx,0,8,00,F4,01,7D,90,01,00,00,
337283514,00000109,false,Rx,0,8,02,00,00,00,00,24,FF,5A,
337331881,00000100,false,Rx,0,8,00,00,00,00,90,01,64,00,
337382969,00000108,false,Rx,0,8,00,F4,01,7D,90,01,00,00,
337383199,00000109,false,Rx,0,8,02,00,00,00,00,24,FF,5A,
337406942,00000101,false,Rx,0,8,00,FF,5A,3C,00,03,00,00,
337481985,00000102,false,Rx,0,8,02,8A,01,00,00,01,63,00,
337482404,00000108,false,Rx,0,8,00,F4,01,7D,90,01,00,00,
337482845,00000109,false,Rx,0,8,02,00,00,00,00,24,FF,5A,
337556865,00000100,false,Rx,0,8,00,00,00,00,90,01,64,00,
337582137,00000108,false,Rx,0,8,00,F4,01,7D,90,01,00,00,
337582369,00000109,false,Rx,0,8,02,00,00,00,00,24,FF,5A,
337631986,00000101,false,Rx,0,8,00,FF,5A,3C,00,03,00,00,
337681745,00000108,false,Rx,0,8,00,F4,01,7D,90,01,00,00,
337681976,00000109,false,Rx,0,8,02,00,00,00,00,24,FF,5A,
337706886,00000102,false,Rx,0,8,02,8A,01,00,00,01,63,00,
337781271,00000108,false,Rx,0,8,00,F4,01,7D,90,01,00,00,
337781502,00000109,false,Rx,0,8,02,00,00,00,00,24,FF,5A,
337781934,00000100,false,Rx,0,8,00,00,00,00,90,01,64,00,
337856962,00000101,false,Rx,0,8,00,FF,5A,3C,00,03,00,00,
337880806,00000108,false,Rx,0,8,00,F4,01,7D,90,01,00,00,
337881040,00000109,false,Rx,0,8,02,00,00,00,00,24,FF,5A,
337932023,00000102,false,Rx,0,8,02,8A,01,00,00,01,63,00,
337980548,00000108,false,Rx,0,8,00,F4,01,7D,90,01,00,00,
337980784,00000109,false,Rx,0,8,02,00,00,00,00,24,FF,5A,
338006907,00000100,false,Rx,0,8,00,00,00,00,90,01,64,00,
338079993,00000108,false,Rx,0,8,00,F4,01,7D,90,01,00,00,
338080224,00000109,false,Rx,0,8,02,00,00,00,00,24,FF,5A,
338081992,00000101,false,Rx,0,8,00,FF,5A,3C,00,03,00,00,
338156989,00000102,false,Rx,0,8,02,8A,01,00,00,01,63,00,
338179697,00000108,false,Rx,0,8,00,F4,01,7D,90,01,00,00,
338179937,00000109,false,Rx,0,8,02,00,00,00,00,24,FF,5A,
338232010,00000100,false,Rx,0,8,00,00,00,00,90,01,64,00,
338279273,00000108,false,Rx,0,8,00,F4,01,7D,90,01,00,00,
338279506,00000109,false,Rx,0,8,02,00,00,00,00,24,FF,5A,
338306848,00000101,false,Rx,0,8,00,FF,5A,3C,00,03,00,00,
338378860,00000108,false,Rx,0,8,00,F4,01,7D,90,01,00,00,
338379089,00000109,false,Rx,0,8,02,00,00,00,00,24,FF,5A,
338381817,00000102,false,Rx,0,8,02,8A,01,00,00,01,63,00,
338456950,00000100,false,Rx,0,8,00,00,00,00,90,01,64,00,
338478514,00000108,false,Rx,0,8,00,F4,01,7D,90,01,00,00,
338478758,00000109,false,Rx,0,8,02,00,00,00,00,24,FF,5A,
338531876,00000101,false,Rx,0,8,00,FF,5A,3C,00,03,00,00,
338578012,00000108,false,Rx,0,8,00,F4,01,7D,90,01,00,00,
338578243,00000109,false,Rx,0,8,02,00,00,00,00,24,FF,5A,
338606979,00000102,false,Rx,0,8,02,8A,01,00,00,01,63,00,
338677779,00000108,false,Rx,0,8,00,F4,01,7D,90,01,00,00,
338678016,00000109,false,Rx,0,8,02,00,00,00,00,24,FF,5A,
338681887,00000100,false,Rx,0,8,00,00,00,00,90,01,64,00,
338757131,00000101,false,Rx,0,8,00,FF,5A,3C,00,03,00,00,
338777328,00000108,false,Rx,0,8,00,F4,01,7D,90,01,00,00,
338777574,00000109,false,Rx,0,8,02,00,00,00,00,24,FF,5A,
338831839,00000102,false,Rx,0,8,02,8A,01,00,00,01,63,00,
338876869,00000108,false,Rx,0,8,00,F4,01,7D,90,01,00,00,
338877099,00000109,false,Rx,0,8,02,00,00,00,00,24,FF,5A,
338907021,00000100,false,Rx,0,8,00,00,00,00,90,01,64,00,
338976564,00000108,false,Rx,0,8,00,F4,01,7D,90,01,00,00,
338976814,00000109,false,Rx,0,8,02,00,00,00,00,24,FF,5A,
338981836,00000101,false,Rx,0,8,00,FF,5A,3C,00,03,00,00,
339056963,00000102,false,Rx,0,8,02,8A,01,00,00,01,63,00,
339075990,00000108,false,Rx,0,8,00,F4,01,7D,90,01,00,00,
339076221,00000109,false,Rx,0,8,02,00,00,00,00,24,FF,5A,
339131898,00000100,false,Rx,0,8,00,00,00,00,90,01,64,00,
339175706,00000108,false,Rx,0,8,00,F4,01,7D,90,01,00,00,
339175938,00000109,false,Rx,0,8,02,00,00,00,00,24,FF,5A,
339206953,00000101,false,Rx,0,8,00,FF,5A,3C,00,03,00,00,
339276685,00000108,false,Rx,0,8,00,F4,01,7D,90,01,00,00,
339276690,00000109,false,Rx,0,8,02,00,00,00,00,24,FF,5A,
339281849,00000102,false,Rx,0,8,02,8A,01,00,00,01,63,00,
339356976,00000100,false,Rx,0,8,00,00,00,00,90,01,64,00,
339374856,00000108,false,Rx,0,8,00,F4,01,7D,90,01,00,00,
339375089,00000109,false,Rx,0,8,02,00,00,00,00,24,FF,5A,
339431968,00000101,false,Rx,0,8,00,FF,5A,3C,00,03,00,00,
339474547,00000108,false,Rx,0,8,00,F4,01,7D,90,01,00,00,
339474789,00000109,false,Rx,0,8,02,00,00,00,00,24,FF,5A,
339506891,00000102,false,Rx,0,8,02,8A,01,00,00,01,63,00,
339574023,00000108,false,Rx,0,8,00,F4,01,7D,90,01,00,00,
339574254,00000109,false,Rx,0,8,02,00,00,00,00,24,FF,5A,
339581910,00000100,false,Rx,0,8,00,00,00,00,90,01,64,00,
339656996,00000101,false,Rx,0,8,00,FF,5A,3C,00,03,00,00,
339673623,00000108,false,Rx,0,8,00,F4,01,7D,90,01,00,00,
339673869,00000109,false,Rx,0,8,02,00,00,00,00,24,FF,5A,
339732019,00000102,false,Rx,0,8,02,8A,01,00,00,01,63,00,
339773205,00000108,false,Rx,0,8,00,F4,01,7D,90,01,00,00,
339773434,00000109,false,Rx,0,8,02,00,00,00,00,24,FF,5A,
339806992,00000100,false,Rx,0,8,00,00,00,00,90,01,64,00,
339872785,00000108,false,Rx,0,8,00,F4,01,7D,90,01,00,00,
339873023,00000109,false,Rx,0,8,02,00,00,00,00,24,FF,5A,
339881965,00000101,false,Rx,0,8,00,FF,5A,3C,00,03,00,00,
339957016,00000102,false,Rx,0,8,02,8A,01,00,00,01,63,00,
339972456,00000108,false,Rx,0,8,00,F4,01,7D,90,01,00,00,
339972702,00000109,false,Rx,0,8,02,00,00,00,00,24,FF,5A,
340031996,00000100,false,Rx,0,8,00,00,00,00,90,01,64,00,
340071969,00000108,false,Rx,0,8,00,F4,01,7D,90,01,00,00,
340072389,00000109,false,Rx,0,8,02,00,00,00,00,24,FF,5A,
340106899,00000101,false,Rx,0,8,00,FF,5A,3C,00,03,00,00,
340171753,00000108,false,Rx,0,8,00,F4,01,7D,90,01,00,00,
340171991,00000109,false,Rx,0,8,02,00,00,00,00,24,FF,5A,
340181843,00000102,false,Rx,0,8,02,8A,01,00,00,01,63,00,
340257027,00000100,false,Rx,0,8,00,00,00,00,90,01,64,00,
340271245,00000108,false,Rx,0,8,00,F4,01,7D,90,01,00,00,
340271478,00000109,false,Rx,0,8,02,00,00,00,00,24,FF,5A,
340331898,00000101,false,Rx,0,8,00,FF,5A,3C,00,03,00,00,
340370844,00000108,false,Rx,0,8,00,F4,01,7D,90,01,00,00,
340371076,00000109,false,Rx,0,8,02,00,00,00,00,24,FF,5A,
340406955,00000102,false,Rx,0,8,02,8A,01,00,00,01,63,00,
340470455,00000108,false,Rx,0,8,00,F4,01,7D,90,01,00,00,
340470699,00000109,false,Rx,0,8,02,00,00,00,00,24,FF,5A,
340482961,00000100,false,Rx,0,8,00,00,00,00,90,01,64,00,
340557009,00000101,false,Rx,0,8,00,FF,5A,3C,00,03,00,00,
340570041,00000108,false,Rx,0,8,00,F4,01,7D,90,01,00,00,
340570274,00000109,false,Rx,0,8,02,00,00,00,00,24,FF,5A,
340631979,00000102,false,Rx,0,8,02,8A,01,00,00,01,63,00,
340669743,00000108,false,Rx,0,8,00,F4,01,7D,90,01,00,00,
340670027,00000109,false,Rx,0,8,02,00,00,00,00,24,FF,5A,
340706881,00000100,false,Rx,0,8,00,00,00,00,90,01,64,00,
340769193,00000108,false,Rx,0,8,00,F4,01,7D,90,01,00,00,
340769423,00000109,false,Rx,0,8,02,00,00,00,00,24,FF,5A,
340781817,00000101,false,Rx,0,8,00,FF,5A,3C,00,03,00,00,
340856993,00000102,false,Rx,0,8,02,8A,01,00,00,01,63,00,
340868940,00000108,false,Rx,0,8,00,F4,01,7D,90,01,00,00,
340869170,00000109,false,Rx,0,8,02,00,00,00,00,24,FF,5A,
340931922,00000100,false,Rx,0,8,00,00,00,00,90,01,64,00,
340968422,00000108,false,Rx,0,8,00,F4,01,7D,90,01,00,00,
340968657,00000109,false,Rx,0,8,02,00,00,00,00,24,FF,5A,
341006848,00000101,false,Rx,0,8,00,FF,5A,3C,00,03,00,00,
341068086,00000108,false,Rx,0,8,00,F4,01,7D,90,01,00,00,
341068316,00000109,false,Rx,0,8,02,00,00,00,00,24,FF,5A,
341081970,00000102,false,Rx,0,8,02,8A,01,00,00,01,63,00,
341156939,00000100,false,Rx,0,8,00,00,00,00,90,01,64,00,
341167753,00000108,false,Rx,0,8,00,F4,01,7D,90,01,00,00,
341167991,00000109,false,Rx,0,8,02,00,00,00,00,24,FF,5A,
341231834,00000101,false,Rx,0,8,00,FF,5A,3C,00,03,00,00,
341267589,00000108,false,Rx,0,8,00,F4,01,7D,90,01,00,00,
341267594,00000109,false,Rx,0,8,02,00,00,00,00,24,FF,5A,
341306831,00000102,false,Rx,0,8,02,8A,01,00,00,01,63,00,
341366845,00000108,false,Rx,0,8,00,F4,01,7D,90,01,00,00,
341367077,00000109,false,Rx,0,8,02,00,00,00,00,24,FF,5A,
341381883,00000100,false,Rx,0,8,00,00,00,00,90,01,64,00,
341456868,00000101,false,Rx,0,8,00,FF,5A,3C,00,03,00,00,
341466483,00000108,false,Rx,0,8,00,F4,01,7D,90,01,00,00,
341466719,00000109,false,Rx,0,8,02,00,00,00,00,24,FF,5A,
341531843,00000102,false,Rx,0,8,02,8A,01,00,00,01,63,00,
341566135,00000108,false,Rx,0,8,00,F4,01,7D,90,01,00,00,
341566366,00000109,false,Rx,0,8,02,00,00,00,00,24,FF,5A,
341606898,00000100,false,Rx,0,8,00,00,00,00,90,01,64,00,
341665555,00000108,false,Rx,0,8,00,F4,01,7D,90,01,00,00,
341665794,00000109,false,Rx,0,8,02,00,00,00,00,24,FF,5A,
341681829,00000101,false,Rx,0,8,00,FF,5A,3C,00,03,00,00,
341756824,00000102,false,Rx,0,8,02,8A,01,00,00,01,63,00,
341765322,00000108,false,Rx,0,8,00,F4,01,7D,90,01,00,00,
341765552,00000109,false,Rx,0,8,02,00,00,00,00,24,FF,5A,
341831853,00000100,false,Rx,0,8,00,00,00,00,90,01,64,00,
341864754,00000108,false,Rx,0,8,00,F4,01,7D,90,01,00,00,
341864991,00000109,false,Rx,0,8,02,00,00,00,00,24,FF,5A,
341906874,00000101,false,Rx,0,8,00,FF,5A,3C,00,03,00,00,
341964512,00000108,false,Rx,0,8,00,F4,01,7D,90,01,00,00,
341964757,00000109,false,Rx,0,8,02,00,00,00,00,24,FF,5A,
341981822,00000102,false,Rx,0,8,02,8A,01,00,00,01,63,00,
342056887,00000100,false,Rx,0,8,00,00,00,00,90,01,64,00,
342064014,00000108,false,Rx,0,8,00,F4,01,7D,90,01,00,00,
342064245,00000109,false,Rx,0,8,02,00,00,00,00,24,FF,5A,
342131947,00000101,false,Rx,0,8,00,FF,5A,3C,00,03,00,00,
342163722,00000108,false,Rx,0,8,00,F4,01,7D,90,01,00,00,
342163960,00000109,false,Rx,0,8,02,00,00,00,00,24,FF,5A,
342206795,00000102,false,Rx,0,8,02,8A,01,00,00,01,63,00,
342263281,00000108,false,Rx,0,8,00,F4,01,7D,90,01,00,00,
342263513,00000109,false,Rx,0,8,02,00,00,00,00,24,FF,5A,
342281893,00000100,false,Rx,0,8,00,00,00,00,90,01,64,00,
342356883,00000101,false,Rx,0,8,00,FF,5A,3C,00,03,00,00,
342362865,00000108,false,Rx,0,8,00,F4,01,7D,90,01,00,00,
342363098,00000109,false,Rx,0,8,02,00,00,00,00,24,FF,5A,
342431970,00000102,false,Rx,0,8,02,8A,01,00,00,01,63,00,
342462388,00000108,false,Rx,0,8,00,F4,01,7D,90,01,00,00,
342462618,00000109,false,Rx,0,8,02,00,00,00,00,24,FF,5A,
342506834,00000100,false,Rx,0,8,00,00,00,00,90,01,64,00,
342562021,00000108,false,Rx,0,8,00,F4,01,7D,90,01,00,00,
342562253,00000109,false,Rx,0,8,02,00,00,00,00,24,FF,5A,
342581983,00000101,false,Rx,0,8,00,FF,5A,3C,00,03,00,00,
342656908,00000102,false,Rx,0,8,02,8A,01,00,00,01,63,00,
342661541,00000108,false,Rx,0,8,00,F4,01,7D,90,01,00,00,
342661782,00000109,false,Rx,0,8,02,00,00,00,00,24,FF,5A,
342731822,00000100,false,Rx,0,8,00,00,00,00,90,01,64,00,
342761213,00000108,false,Rx,0,8,00,F4,01,7D,90,01,00,00,
342761444,00000109,false,Rx,0,8,02,00,00,00,00,24,FF,5A,
342806970,00000101,false,Rx,0,8,00,FF,5A,3C,00,03,00,00,
342860806,00000108,false,Rx,0,8,00,F4,01,7D,90,01,00,00,
342861036,00000109,false,Rx,0,8,02,00,00,00,00,24,FF,5A,
342881910,00000102,false,Rx,0,8,02,8A,01,00,00,01,63,00,
342956947,00000100,false,Rx,0,8,00,00,00,00,90,01,64,00,
342960430,00000108,false,Rx,0,8,00,F4,01,7D,90,01,00,00,
342960672,00000109,false,Rx,0,8,02,00,00,00,00,24,FF,5A,
343031828,00000101,false,Rx,0,8,00,FF,5A,3C,00,03,00,00,
343060048,00000108,false,Rx,0,8,00,F4,01,7D,90,01,00,00,
343060280,00000109,false,Rx,0,8,02,00,00,00,00,24,FF,5A,
343106869,00000102,false,Rx,0,8,02,8A,01,00,00,01,63,00,
343159616,00000108,false,Rx,0,8,00,F4,01,7D,90,01,00,00,
343159868,00000109,false,Rx,0,8,02,00,00,00,00,24,FF,5A,
343181911,00000100,false,Rx,0,8,00,00,00,00,90,01,64,00,
343256910,00000101,false,Rx,0,8,00,FF,5A,3C,00,03,00,00,
343259246,00000108,false,Rx,0,8,00,F4,01,7D,90,01,00,00,
343259479,00000109,false,Rx,0,8,02,00,00,00,00,24,FF,5A,
343331795,00000102,false,Rx,0,8,02,8A,01,00,00,01,63,00,
343358833,00000108,false,Rx,0,8,00,F4,01,7D,90,01,00,00,
343359064,00000109,false,Rx,0,8,02,00,00,00,00,24,FF,5A,
343406969,00000100,false,Rx,0,8,00,00,00,00,90,01,64,00,
343458420,00000108,false,Rx,0,8,00,F4,01,7D,90,01,00,00,
343458657,00000109,false,Rx,0,8,02,00,00,00,00,24,FF,5A,
343481792,00000101,false,Rx,0,8,00,FF,5A,3C,00,03,00,00,
343556874,00000102,false,Rx,0,8,02,8A,01,00,00,01,63,00,
343559043,00000108,false,Rx,0,8,00,F4,01,7D,90,01,00,00,
343559048,00000109,false,Rx,0,8,02,00,00,00,00,24,FF,5A,
343631899,00000100,false,Rx,0,8,00,00,00,00,90,01,64,00,
343657596,00000108,false,Rx,0,8,00,F4,01,7D,90,01,00,00,
343657845,00000109,false,Rx,0,8,02,00,00,00,00,24,FF,5A,
343706907,00000101,false,Rx,0,8,00,FF,5A,3C,00,03,00,00,
343757265,00000108,false,Rx,0,8,00,F4,01,7D,90,01,00,00,
343757500,00000109,false,Rx,0,8,02,00,00,00,00,24,FF,5A,
343781949,00000102,false,Rx,0,8,02,8A,01,00,00,01,63,00,
343856796,00000108,false,Rx,0,8,00,F4,01,7D,90,01,00,00,
343857034,00000100,false,Rx,0,8,00,00,00,00,90,01,64,00,
343857265,00000109,false,Rx,0,8,02,00,00,00,00,24,FF,5A,
343931883,00000101,false,Rx,0,8,00,FF,5A,3C,00,03,00,00,
343956497,00000108,false,Rx,0,8,00,F4,01,7D,90,01,00,00,
343956739,00000109,false,Rx,0,8,02,00,00,00,00,24,FF,5A,
344006880,00000102,false,Rx,0,8,02,8A,01,00,00,01,63,00,
344056075,00000108,false,Rx,0,8,00,F4,01,7D,90,01,00,00,
344056305,00000109,false,Rx,0,8,02,00,00,00,00,24,FF,5A,
344081873,00000100,false,Rx,0,8,00,00,00,00,90,01,64,00,
344155664,00000108,false,Rx,0,8,00,F4,01,7D,90,01,00,00,
344155904,00000109,false,Rx,0,8,02,00,00,00,00,24,FF,5A,
344156908,00000101,false,Rx,0,8,00,FF,5A,3C,00,03,00,00,
344231898,00000102,false,Rx,0,8,02,8A,01,00,00,01,63,00,
344255121,00000108,false,Rx,0,8,00,F4,01,7D,90,01,00,00,
344255540,00000109,false,Rx,0,8,02,00,00,00,00,24,FF,5A,
344306844,00000100,false,Rx,0,8,00,00,00,00,90,01,64,00,
344354899,00000108,false,Rx,0,8,00,F4,01,7D,90,01,00,00,
344355129,00000109,false,Rx,0,8,02,00,00,00,00,24,FF,5A,
344381870,00000101,false,Rx,0,8,00,FF,5A,3C,00,03,00,00,
344454323,00000108,false,Rx,0,8,00,F4,01,7D,90,01,00,00,
344454753,00000109,false,Rx,0,8,02,00,00,00,00,24,FF,5A,
344456903,00000102,false,Rx,0,8,02,8A,01,00,00,01,63,00,
344531974,00000100,false,Rx,0,8,00,00,00,00,90,01,64,00,
344553946,00000108,false,Rx,0,8,00,F4,01,7D,90,01,00,00,
344554177,00000109,false,Rx,0,8,02,00,00,00,00,24,FF,5A,
344606786,00000101,false,Rx,0,8,00,FF,5A,3C,00,03,00,00,
344653530,00000108,false,Rx,0,8,00,F4,01,7D,90,01,00,00,
344653767,00000109,false,Rx,0,8,02,00,00,00,00,24,FF,5A,
344681889,00000102,false,Rx,0,8,02,8A,01,00,00,01,63,00,
344753275,00000108,false,Rx,0,8,00,F4,01,7D,90,01,00,00,
344753507,00000109,false,Rx,0,8,02,00,00,00,00,24,FF,5A,
344756984,00000100,false,Rx,0,8,00,00,00,00,90,01,64,00,
344831823,00000101,false,Rx,0,8,00,FF,5A,3C,00,03,00,00,
344852725,00000108,false,Rx,0,8,00,F4,01,7D,90,01,00,00,
344852963,00000109,false,Rx,0,8,02,00,00,00,00,24,FF,5A,
344906869,00000102,false,Rx,0,8,02,8A,01,00,00,01,63,00,
344952435,00000108,false,Rx,0,8,00,F4,01,7D,90,01,00,00,
344952679,00000109,false,Rx,0,8,02,00,00,00,00,24,FF,5A,
344981862,00000100,false,Rx,0,8,00,00,00,00,90,01,64,00,
345051946,00000108,false,Rx,0,8,00,F4,01,7D,90,01,00,00,
345052177,00000109,false,Rx,0,8,02,00,00,00,00,24,FF,5A,
345056818,00000101,false,Rx,0,8,00,FF,5A,3C,00,03,00,00,
345131822,00000102,false,Rx,0,8,02,8A,01,00,00,01,63,00,
345151557,00000108,false,Rx,0,8,00,F4,01,7D,90,01,00,00,
345151795,00000109,false,Rx,0,8,02,00,00,00,00,24,FF,5A,
345206909,00000100,false,Rx,0,8,00,00,00,00,90,01,64,00,
345251275,00000108,false,Rx,0,8,00,F4,01,7D,90,01,00,00,
345251507,00000109,false,Rx,0,8,02,00,00,00,00,24,FF,5A,
345281792,00000101,false,Rx,0,8,00,FF,5A,3C,00,03,00,00,
345350750,00000108,false,Rx,0,8,00,F4,01,7D,90,01,00,00,
345350986,00000109,false,Rx,0,8,02,00,00,00,00,24,FF,5A,
345356768,00000102,false,Rx,0,8,02,8A,01,00,00,01,63,00,
345431966,00000100,false,Rx,0,8,00,00,00,00,90,01,64,00,
345450368,00000108,false,Rx,0,8,00,F4,01,7D,90,01,00,00,
345450609,00000109,false,Rx,0,8,02,00,00,00,00,24,FF,5A,
345507151,00000101,false,Rx,0,8,00,FF,5A,3C,00,03,00,00,
345549934,00000108,false,Rx,0,8,00,F4,01,7D,90,01,00,00,
345550166,00000109,false,Rx,0,8,02,00,00,00,00,24,FF,5A,
345581822,00000102,false,Rx,0,8,02,8A,01,00,00,01,63,00,
345649644,00000108,false,Rx,0,8,00,F4,01,7D,90,01,00,00,
345649890,00000109,false,Rx,0,8,02,00,00,00,00,24,FF,5A,
345656838,00000100,false,Rx,0,8,00,00,00,00,90,01,64,00,
345731940,00000101,false,Rx,0,8,00,FF,5A,3C,00,03,00,00,
345749248,00000108,false,Rx,0,8,00,F4,01,7D,90,01,00,00,
345749479,00000109,false,Rx,0,8,02,00,00,00,00,24,FF,5A,
345806895,00000102,false,Rx,0,8,02,8A,01,00,00,01,63,00,
345848890,00000108,false,Rx,0,8,00,F4,01,7D,90,01,00,00,
345849120,00000109,false,Rx,0,8,02,00,00,00,00,24,FF,5A,
345881883,00000100,false,Rx,0,8,00,00,00,00,90,01,64,00,
345948309,00000108,false,Rx,0,8,00,F4,01,7D,90,01,00,00,
345948742,00000109,false,Rx,0,8,02,00,00,00,00,24,FF,5A,
345956949,00000101,false,Rx,0,8,00,FF,5A,3C,00,03,00,00,
346031928,00000102,false,Rx,0,8,02,8A,01,00,00,01,63,00,
346048052,00000108,false,Rx,0,8,00,F4,01,7D,90,01,00,00,
346048282,00000109,false,Rx,0,8,02,00,00,00,00,24,FF,5A,
346106947,00000100,false,Rx,0,8,00,00,00,00,90,01,64,00,
346147594,00000108,false,Rx,0,8,00,F4,01,7D,90,01,00,00,
346147844,00000109,false,Rx,0,8,02,00,00,00,00,24,FF,5A,
346181796,00000101,false,Rx,0,8,00,FF,5A,3C,00,03,00,00,
346247110,00000108,false,Rx,0,8,00,F4,01,7D,90,01,00,00,
346247341,00000109,false,Rx,0,8,02,00,00,00,00,24,FF,5A,
346256975,00000102,false,Rx,0,8,02,8A,01,00,00,01,63,00,
346331912,00000100,false,Rx,0,8,00,00,00,00,90,01,64,00,
346346821,00000108,false,Rx,0,8,00,F4,01,7D,90,01,00,00,
346347054,00000109,false,Rx,0,8,02,00,00,00,00,24,FF,5A,
346406906,00000101,false,Rx,0,8,00,FF,5A,3C,00,03,00,00,
346446309,00000108,false,Rx,0,8,00,F4,01,7D,90,01,00,00,
346446538,00000109,false,Rx,0,8,02,00,00,00,00,24,FF,5A,
346481822,00000102,false,Rx,0,8,02,8A,01,00,00,01,63,00,
346546061,00000108,false,Rx,0,8,00,F4,01,7D,90,01,00,00,
346546290,00000109,false,Rx,0,8,02,00,00,00,00,24,FF,5A,
346556834,00000100,false,Rx,0,8,00,00,00,00,90,01,64,00,
346631860,00000101,false,Rx,0,8,00,FF,5A,3C,00,03,00,00,
346645615,00000108,false,Rx,0,8,00,F4,01,7D,90,01,00,00,
346645867,00000109,false,Rx,0,8,02,00,00,00,00,24,FF,5A,
346706861,00000102,false,Rx,0,8,02,8A,01,00,00,01,63,00,
346745183,00000108,false,Rx,0,8,00,F4,01,7D,90,01,00,00,
346745415,00000109,false,Rx,0,8,02,00,00,00,00,24,FF,5A,
346781791,00000100,false,Rx,0,8,00,00,00,00,90,01,64,00,
346844735,00000108,false,Rx,0,8,00,F4,01,7D,90,01,00,00,
346844974,00000109,false,Rx,0,8,02,00,00,00,00,24,FF,5A,
346856911,00000101,false,Rx,0,8,00,FF,5A,3C,00,03,00,00,
346931932,00000102,false,Rx,0,8,02,8A,01,00,00,01,63,00,
346944390,00000108,false,Rx,0,8,00,F4,01,7D,90,01,00,00,
346944623,00000109,false,Rx,0,8,02,00,00,00,00,24,FF,5A,
347006820,00000100,false,Rx,0,8,00,00,00,00,90,01,64,00,
347043948,00000108,false,Rx,0,8,00,F4,01,7D,90,01,00,00,
347044179,00000109,false,Rx,0,8,02,00,00,00,00,24,FF,5A,
347081938,00000101,false,Rx,0,8,00,FF,5A,3C,00,03,00,00,
347143534,00000108,false,Rx,0,8,00,F4,01,7D,90,01,00,00,
347143777,00000109,false,Rx,0,8,02,00,00,00,00,24,FF,5A,
347157760,00000102,false,Rx,0,8,02,8A,01,00,00,01,63,00,
347231844,00000100,false,Rx,0,8,00,00,00,00,90,01,64,00,
347243095,00000108,false,Rx,0,8,00,F4,01,7D,90,01,00,00,
347243515,00000109,false,Rx,0,8,02,00,00,00,00,24,FF,5A,
347306836,00000101,false,Rx,0,8,00,FF,5A,3C,00,03,00,00,
347342730,00000108,false,Rx,0,8,00,F4,01,7D,90,01,00,00,
347342967,00000109,false,Rx,0,8,02,00,00,00,00,24,FF,5A,
347381908,00000102,false,Rx,0,8,02,8A,01,00,00,01,63,00,
347442428,00000108,false,Rx,0,8,00,F4,01,7D,90,01,00,00,
347442668,00000109,false,Rx,0,8,02,00,00,00,00,24,FF,5A,
347456895,00000100,false,Rx,0,8,00,00,00,00,90,01,64,00,
347531895,00000101,false,Rx,0,8,00,FF,5A,3C,00,03,00,00,
347541897,00000108,false,Rx,0,8,00,F4,01,7D,90,01,00,00,
347542126,00000109,false,Rx,0,8,02,00,00,00,00,24,FF,5A,
347606898,00000102,false,Rx,0,8,02,8A,01,00,00,01,63,00,
347641603,00000108,false,Rx,0,8,00,F4,01,7D,90,01,00,00,
347641858,00000109,false,Rx,0,8,02,00,00,00,00,24,FF,5A,
347681947,00000100,false,Rx,0,8,00,00,00,00,90,01,64,00,
347741211,00000108,false,Rx,0,8,00,F4,01,7D,90,01,00,00,
347741443,00000109,false,Rx,0,8,02,00,00,00,00,24,FF,5A,
347756906,00000101,false,Rx,0,8,00,FF,5A,3C,00,03,00,00,
347831867,00000102,false,Rx,0,8,02,8A,01,00,00,01,63,00,
347841326,00000108,false,Rx,0,8,00,F4,01,7D,90,01,00,00,
347841331,00000109,false,Rx,0,8,02,00,00,00,00,24,FF,5A,
347906823,00000100,false,Rx,0,8,00,00,00,00,90,01,64,00,
347940326,00000108,false,Rx,0,8,00,F4,01,7D,90,01,00,00,
347940556,00000109,false,Rx,0,8,02,00,00,00,00,24,FF,5A,
347981806,00000101,false,Rx,0,8,00,FF,5A,3C,00,03,00,00,
348039950,00000108,false,Rx,0,8,00,F4,01,7D,90,01,00,00,
348040182,00000109,false,Rx,0,8,02,00,00,00,00,24,FF,5A,
348056922,00000102,false,Rx,0,8,02,8A,01,00,00,01,63,00,
348131844,00000100,false,Rx,0,8,00,00,00,00,90,01,64,00,
348139529,00000108,false,Rx,0,8,00,F4,01,7D,90,01,00,00,
348139768,00000109,false,Rx,0,8,02,00,00,00,00,24,FF,5A,
348206832,00000101,false,Rx,0,8,00,FF,5A,3C,00,03,00,00,
348239077,00000108,false,Rx,0,8,00,F4,01,7D,90,01,00,00,
348239497,00000109,false,Rx,0,8,02,00,00,00,00,24,FF,5A,
348281894,00000102,false,Rx,0,8,02,8A,01,00,00,01,63,00,
348338706,00000108,false,Rx,0,8,00,F4,01,7D,90,01,00,00,
348338943,00000109,false,Rx,0,8,02,00,00,00,00,24,FF,5A,
348356824,00000100,false,Rx,0,8,00,00,00,00,90,01,64,00,
348431940,00000101,false,Rx,0,8,00,FF,5A,3C,00,03,00,00,
348438321,00000108,false,Rx,0,8,00,F4,01,7D,90,01,00,00,
348438551,00000109,false,Rx,0,8,02,00,00,00,00,24,FF,5A,
348506930,00000102,false,Rx,0,8,02,8A,01,00,00,01,63,00,
348537902,00000108,false,Rx,0,8,00,F4,01,7D,90,01,00,00,
348538131,00000109,false,Rx,0,8,02,00,00,00,00,24,FF,5A,
348581750,00000100,false,Rx,0,8,00,00,00,00,90,01,64,00,
348637530,00000108,false,Rx,0,8,00,F4,01,7D,90,01,00,00,
348637767,00000109,false,Rx,0,8,02,00,00,00,00,24,FF,5A,
348656734,00000101,false,Rx,0,8,00,FF,5A,3C,00,03,00,00,
348731883,00000102,false,Rx,0,8,02,8A,01,00,00,01,63,00,
348737091,00000108,false,Rx,0,8,00,F4,01,7D,90,01,00,00,
348737322,00000109,false,Rx,0,8,02,00,00,00,00,24,FF,5A,
348806875,00000100,false,Rx,0,8,00,00,00,00,90,01,64,00,
348836818,00000108,false,Rx,0,8,00,F4,01,7D,90,01,00,00,
348837048,00000109,false,Rx,0,8,02,00,00,00,00,24,FF,5A,
348881883,00000101,false,Rx,0,8,00,FF,5A,3C,00,03,00,00,
348936309,00000108,false,Rx,0,8,00,F4,01,7D,90,01,00,00,
348936539,00000109,false,Rx,0,8,02,00,00,00,00,24,FF,5A,
348956743,00000102,false,Rx,0,8,02,8A,01,00,00,01,63,00,
349031878,00000100,false,Rx,0,8,00,00,00,00,90,01,64,00,
349035944,00000108,false,Rx,0,8,00,F4,01,7D,90,01,00,00,
349036176,00000109,false,Rx,0,8,02,00,00,00,00,24,FF,5A,
349106899,00000101,false,Rx,0,8,00,FF,5A,3C,00,03,00,00,
349135547,00000108,false,Rx,0,8,00,F4,01,7D,90,01,00,00,
349135790,00000109,false,Rx,0,8,02,00,00,00,00,24,FF,5A,
349181860,00000102,false,Rx,0,8,02,8A,01,00,00,01,63,00,
349235246,00000108,false,Rx,0,8,00,F4,01,7D,90,01,00,00,
349235476,00000109,false,Rx,0,8,02,00,00,00,00,24,FF,5A,
349256747,00000100,false,Rx,0,8,00,00,00,00,90,01,64,00,
349331871,00000101,false,Rx,0,8,00,FF,5A,3C,00,03,00,00,
349334836,00000108,false,Rx,0,8,00,F4,01,7D,90,01,00,00,
349335066,00000109,false,Rx,0,8,02,00,00,00,00,24,FF,5A,
349406862,00000102,false,Rx,0,8,02,8A,01,00,00,01,63,00,
349434285,00000108,false,Rx,0,8,00,F4,01,7D,90,01,00,00,
349434513,00000109,false,Rx,0,8,02,00,00,00,00,24,FF,5A,
349481784,00000100,false,Rx,0,8,00,00,00,00,90,01,64,00,
349533973,00000108,false,Rx,0,8,00,F4,01,7D,90,01,00,00,
349534205,00000109,false,Rx,0,8,02,00,00,00,00,24,FF,5A,
349556784,00000101,false,Rx,0,8,00,FF,5A,3C,00,03,00,00,
349631922,00000102,false,Rx,0,8,02,8A,01,00,00,01,63,00,
349633483,00000108,false,Rx,0,8,00,F4,01,7D,90,01,00,00,
349633721,00000109,false,Rx,0,8,02,00,00,00,00,24,FF,5A,
349706890,00000100,false,Rx,0,8,00,00,00,00,90,01,64,00,
349733200,00000108,false,Rx,0,8,00,F4,01,7D,90,01,00,00,
349733431,00000109,false,Rx,0,8,02,00,00,00,00,24,FF,5A,
349781894,00000101,false,Rx,0,8,00,FF,5A,3C,00,03,00,00,
349832895,00000108,false,Rx,0,8,00,F4,01,7D,90,01,00,00,
349832900,00000109,false,Rx,0,8,02,00,00,00,00,24,FF,5A,
349856850,00000102,false,Rx,0,8,02,8A,01,00,00,01,63,00,
349931923,00000100,false,Rx,0,8,00,00,00,00,90,01,64,00,
349932343,00000108,false,Rx,0,8,00,F4,01,7D,90,01,00,00,
349932575,00000109,false,Rx,0,8,02,00,00,00,00,24,FF,5A,
350006788,00000101,false,Rx,0,8,00,FF,5A,3C,00,03,00,00,
350031861,00000108,false,Rx,0,8,00,F4,01,7D,90,01,00,00,
350032090,00000109,false,Rx,0,8,02,00,00,00,00,24,FF,5A,
350081890,00000102,false,Rx,0,8,02,8A,01,00,00,01,63,00,
350131506,00000108,false,Rx,0,8,00,F4,01,7D,90,01,00,00,
350131745,00000109,false,Rx,0,8,02,00,00,00,00,24,FF,5A,
350156899,00000100,false,Rx,0,8,00,00,00,00,90,01,64,00,
350231096,00000108,false,Rx,0,8,00,F4,01,7D,90,01,00,00,
350231327,00000109,false,Rx,0,8,02,00,00,00,00,24,FF,5A,
350231751,00000101,false,Rx,0,8,00,FF,5A,3C,00,03,00,00,
350306774,00000102,false,Rx,0,8,02,8A,01,00,00,01,63,00,
350330728,00000108,false,Rx,0,8,00,F4,01,7D,90,01,00,00,
350330968,00000109,false,Rx,0,8,02,00,00,00,00,24,FF,5A,
350381840,00000100,false,Rx,0,8,00,00,00,00,90,01,64,00,
350430427,00000108,false,Rx,0,8,00,F4,01,7D,90,01,00,00,
350430669,00000109,false,Rx,0,8,02,00,00,00,00,24,FF,5A,
350456725,00000101,false,Rx,0,8,00,FF,5A,3C,00,03,00,00,
350529930,00000108,false,Rx,0,8,00,F4,01,7D,90,01,00,00,
350530162,00000109,false,Rx,0,8,02,00,00,00,00,24,FF,5A,
350531739,00000102,false,Rx,0,8,02,8A,01,00,00,01,63,00,
350606898,00000100,false,Rx,0,8,00,00,00,00,90,01,64,00,
350629448,00000108,false,Rx,0,8,00,F4,01,7D,90,01,00,00,
350629883,00000109,false,Rx,0,8,02,00,00,00,00,24,FF,5A,
350681751,00000101,false,Rx,0,8,00,FF,5A,3C,00,03,00,00,
350729049,00000108,false,Rx,0,8,00,F4,01,7D,90,01,00,00,
350729468,00000109,false,Rx,0,8,02,00,00,00,00,24,FF,5A,
350756769,00000102,false,Rx,0,8,02,8A,01,00,00,01,63,00,
350828691,00000108,false,Rx,0,8,00,F4,01,7D,90,01,00,00,
350828930,00000109,false,Rx,0,8,02,00,00,00,00,24,FF,5A,
350831856,00000100,false,Rx,0,8,00,00,00,00,90,01,64,00,
350906898,00000101,false,Rx,0,8,00,FF,5A,3C,00,03,00,00,
350928327,00000108,false,Rx,0,8,00,F4,01,7D,90,01,00,00,
350928559,00000109,false,Rx,0,8,02,00,00,00,00,24,FF,5A,
350981862,00000102,false,Rx,0,8,02,8A,01,00,00,01,63,00,
351027930,00000108,false,Rx,0,8,00,F4,01,7D,90,01,00,00,
351028162,00000109,false,Rx,0,8,02,00,00,00,00,24,FF,5A,
351056771,00000100,false,Rx,0,8,00,00,00,00,90,01,64,00,
351127514,00000108,false,Rx,0,8,00,F4,01,7D,90,01,00,00,
351127754,00000109,false,Rx,0,8,02,00,00,00,00,24,FF,5A,
351131828,00000101,false,Rx,0,8,00,FF,5A,3C,00,03,00,00,
351206840,00000102,false,Rx,0,8,02,8A,01,00,00,01,63,00,
351227057,00000108,false,Rx,0,8,00,F4,01,7D,90,01,00,00,
351227288,00000109,false,Rx,0,8,02,00,00,00,00,24,FF,5A,
351281807,00000100,false,Rx,0,8,00,00,00,00,90,01,64,00,
351326782,00000108,false,Rx,0,8,00,F4,01,7D,90,01,00,00,
351327020,00000109,false,Rx,0,8,02,00,00,00,00,24,FF,5A,
351356744,00000101,false,Rx,0,8,00,FF,5A,3C,00,03,00,00,
351426362,00000108,false,Rx,0,8,00,F4,01,7D,90,01,00,00,
351426594,00000109,false,Rx,0,8,02,00,00,00,00,24,FF,5A,
351431856,00000102,false,Rx,0,8,02,8A,01,00,00,01,63,00,
351506847,00000100,false,Rx,0,8,00,00,00,00,90,01,64,00,
351525842,00000108,false,Rx,0,8,00,F4,01,7D,90,01,00,00,
351526260,00000109,false,Rx,0,8,02,00,00,00,00,24,FF,5A,
351581900,00000101,false,Rx,0,8,00,FF,5A,3C,00,03,00,00,
351625505,00000108,false,Rx,0,8,00,F4,01,7D,90,01,00,00,
351625740,00000109,false,Rx,0,8,02,00,00,00,00,24,FF,5A,
351656824,00000102,false,Rx,0,8,02,8A,01,00,00,01,63,00,
351725177,00000108,false,Rx,0,8,00,F4,01,7D,90,01,00,00,
351725409,00000109,false,Rx,0,8,02,00,00,00,00,24,FF,5A,
351731780,00000100,false,Rx,0,8,00,00,00,00,90,01,64,00,
351806836,00000101,false,Rx,0,8,00,FF,5A,3C,00,03,00,00,
351824812,00000108,false,Rx,0,8,00,F4,01,7D,90,01,00,00,
351825070,00000109,false,Rx,0,8,02,00,00,00,00,24,FF,5A,
351881773,00000102,false,Rx,0,8,02,8A,01,00,00,01,63,00,
351924325,00000108,false,Rx,0,8,00,F4,01,7D,90,01,00,00,
351924557,00000109,false,Rx,0,8,02,00,00,00,00,24,FF,5A,
351956860,00000100,false,Rx,0,8,00,00,00,00,90,01,64,00,
352023896,00000108,false,Rx,0,8,00,F4,01,7D,90,01,00,00,
352024126,00000109,false,Rx,0,8,02,00,00,00,00,24,FF,5A,
352031747,00000101,false,Rx,0,8,00,FF,5A,3C,00,03,00,00,
352106899,00000102,false,Rx,0,8,02,8A,01,00,00,01,63,00,
352123779,00000108,false,Rx,0,8,00,F4,01,7D,90,01,00,00,
352123784,00000109,false,Rx,0,8,02,00,00,00,00,24,FF,5A,
352181862,00000100,false,Rx,0,8,00,00,00,00,90,01,64,00,
352223200,00000108,false,Rx,0,8,00,F4,01,7D,90,01,00,00,
352223432,00000109,false,Rx,0,8,02,00,00,00,00,24,FF,5A,
352256727,00000101,false,Rx,0,8,00,FF,5A,3C,00,03,00,00,
352322754,00000108,false,Rx,0,8,00,F4,01,7D,90,01,00,00,
352322994,00000109,false,Rx,0,8,02,00,00,00,00,24,FF,5A,
352331780,00000102,false,Rx,0,8,02,8A,01,00,00,01,63,00,
352406840,00000100,false,Rx,0,8,00,00,00,00,90,01,64,00,
352422401,00000108,false,Rx,0,8,00,F4,01,7D,90,01,00,00,
352422630,00000109,false,Rx,0,8,02,00,00,00,00,24,FF,5A,
352481773,00000101,false,Rx,0,8,00,FF,5A,3C,00,03,00,00,
352521982,00000108,false,Rx,0,8,00,F4,01,7D,90,01,00,00,
352522212,00000109,false,Rx,0,8,02,00,00,00,00,24,FF,5A,
352556864,00000102,false,Rx,0,8,02,8A,01,00,00,01,63,00,
352621576,00000108,false,Rx,0,8,00,F4,01,7D,90,01,00,00,
352621821,00000109,false,Rx,0,8,02,00,00,00,00,34,FF,5A,
352631754,00000100,false,Rx,0,8,00,00,00,00,90,01,64,00,
352706751,00000101,false,Rx,0,8,00,FF,5A,3C,00,03,00,00,
352721153,00000108,false,Rx,0,8,00,F4,01,7D,90,01,00,00,
352721384,00000109,false,Rx,0,8,02,00,00,00,00,34,FF,5A,
352820783,00000108,false,Rx,0,8,00,F4,01,7D,90,01,00,00,
352821022,00000109,false,Rx,0,8,02,00,00,00,00,30,FF,5A,
352920267,00000108,false,Rx,0,8,00,F4,01,7D,90,01,00,00,
352920497,00000109,false,Rx,0,8,02,00,00,00,00,30,FF,5A,
